{
    "macro": {
        "f1": 45.678901919019836,
        "precision": 61.7816402173522,
        "recall": 43.981480741672314
    },
    "micro": {
        "f1": 76.34204957224549,
        "precision": 76.12120068836657,
        "recall": 78.9839944328462
    },
    "per_classes": {
        "Negative": 7.2727272727272725,
        "Neutral": 87.3949579831933,
        "Positive": 42.36902050113895
    }
}