{
    "macro": {
        "f1": 45.2095188188697,
        "precision": 71.29421680176495,
        "recall": 42.83184846606946
    },
    "micro": {
        "f1": 72.2004290802398,
        "precision": 77.65322912275833,
        "recall": 77.70989701518589
    },
    "per_classes": {
        "Negative": 14.503816793893131,
        "Neutral": 86.76132804343288,
        "Positive": 34.36341161928307
    }
}