{
    "macro": {
        "f1": 58.15635227518611,
        "precision": 78.8501568024244,
        "recall": 54.04015006976278
    },
    "micro": {
        "f1": 80.83489171646178,
        "precision": 82.0169400984248,
        "recall": 82.7893175074184
    },
    "per_classes": {
        "Negative": 21.886792452830186,
        "Neutral": 89.32815102720711,
        "Positive": 63.254113345521034
    }
}