{
    "macro": {
        "f1": 38.98276672191447,
        "precision": 49.74627833105933,
        "recall": 38.339340879742004
    },
    "micro": {
        "f1": 73.39384450715009,
        "precision": 74.55042878862243,
        "recall": 78.42727905358386
    },
    "per_classes": {
        "Negative": 2.857142857142857,
        "Neutral": 87.50505458956734,
        "Positive": 26.586102719033235
    }
}