{
    "macro": {
        "f1": 49.33087764510432,
        "precision": 50.230616246722505,
        "recall": 49.04194416168937
    },
    "micro": {
        "f1": 75.22486822006815,
        "precision": 75.25415122779798,
        "recall": 75.29575504523312
    },
    "per_classes": {
        "Negative": 16.666666666666668,
        "Neutral": 84.50200982581508,
        "Positive": 46.82395644283121
    }
}