{
    "macro": {
        "f1": 37.9548093775041,
        "precision": 37.022191239688624,
        "recall": 39.736310704227904
    },
    "micro": {
        "f1": 68.50708170561933,
        "precision": 69.51022775315427,
        "recall": 68.05845511482255
    },
    "per_classes": {
        "Negative": 0.0,
        "Neutral": 79.59651535992663,
        "Positive": 34.267912772585674
    }
}