{
    "macro": {
        "f1": 41.38549441862627,
        "precision": 40.260120980737284,
        "recall": 42.77386003932077
    },
    "micro": {
        "f1": 68.8378771608805,
        "precision": 68.29565987070364,
        "recall": 69.55838715308082
    },
    "per_classes": {
        "Negative": 0.0,
        "Neutral": 80.0190408187552,
        "Positive": 44.137442437123624
    }
}