{
    "macro": {
        "f1": 87.12544781785203,
        "precision": 89.40158319045128,
        "recall": 85.22594974521347
    },
    "micro": {
        "f1": 92.48688768902885,
        "precision": 92.4911595522879,
        "recall": 92.52923721417349
    },
    "per_classes": {
        "Negative": 80.1909307875895,
        "Neutral": 95.08080688922969,
        "Positive": 86.10460577673693
    }
}