{
    "macro": {
        "f1": 71.42729510571422,
        "precision": 82.98464364851696,
        "recall": 65.40259426065602
    },
    "micro": {
        "f1": 84.56775929670452,
        "precision": 85.48407814502406,
        "recall": 85.72176645138768
    },
    "per_classes": {
        "Negative": 54.85714285714286,
        "Neutral": 91.0774035244256,
        "Positive": 68.34733893557421
    }
}