{
    "macro": {
        "f1": 48.86911044633659,
        "precision": 52.09588258840435,
        "recall": 47.46102818442128
    },
    "micro": {
        "f1": 77.18836181961275,
        "precision": 76.28160389435811,
        "recall": 78.49686847599166
    },
    "per_classes": {
        "Negative": 11.11111111111111,
        "Neutral": 86.83642641346567,
        "Positive": 48.65979381443298
    }
}