{
    "macro": {
        "f1": 46.71256441698197,
        "precision": 53.622643773068255,
        "recall": 44.347633016061735
    },
    "micro": {
        "f1": 75.74454665424733,
        "precision": 74.9538452387998,
        "recall": 78.42727905358386
    },
    "per_classes": {
        "Negative": 14.084507042253522,
        "Neutral": 87.123745819398,
        "Positive": 38.929440389294406
    }
}