{
    "macro": {
        "f1": 47.48660907308156,
        "precision": 47.79971837443102,
        "recall": 47.36911725200073
    },
    "micro": {
        "f1": 75.69831585222272,
        "precision": 75.43023169879888,
        "recall": 75.99164926931107
    },
    "per_classes": {
        "Negative": 9.195402298850574,
        "Neutral": 85.14412416851441,
        "Positive": 48.120300751879704
    }
}