{
    "macro": {
        "f1": 55.97293655344065,
        "precision": 54.50713064369766,
        "recall": 64.86277525526522
    },
    "micro": {
        "f1": 69.89234170877585,
        "precision": 78.77741519376572,
        "recall": 67.46378076453134
    },
    "per_classes": {
        "Negative": 35.35031847133758,
        "Neutral": 75.69076193134244,
        "Positive": 56.87772925764192
    }
}