{
    "macro": {
        "f1": 38.299856678397575,
        "precision": 39.20360852117131,
        "recall": 43.18137712104029
    },
    "micro": {
        "f1": 60.66708430547927,
        "precision": 70.32755770339463,
        "recall": 56.50661099512874
    },
    "per_classes": {
        "Negative": 9.271523178807946,
        "Neutral": 68.48167539267016,
        "Positive": 37.14637146371464
    }
}