{
    "macro": {
        "f1": 98.98239568280657,
        "precision": 98.57163964038128,
        "recall": 99.40235131274436
    },
    "micro": {
        "f1": 99.26910934734853,
        "precision": 99.27697889750513,
        "recall": 99.26688776400768
    },
    "per_classes": {
        "Negative": 98.90590809628009,
        "Neutral": 99.51300629528448,
        "Positive": 98.52827265685515
    }
}