{
    "macro": {
        "f1": 28.28912111468382,
        "precision": 24.570896607901318,
        "recall": 33.33333333333333
    },
    "micro": {
        "f1": 62.55801630335648,
        "precision": 54.335606410455895,
        "recall": 73.71268982370395
    },
    "per_classes": {
        "Negative": 0.0,
        "Neutral": 84.86736334405145,
        "Positive": 0.0
    }
}