{
    "macro": {
        "f1": 30.373309209226523,
        "precision": 37.22456633849039,
        "recall": 33.67290574375413
    },
    "micro": {
        "f1": 69.10708788873426,
        "precision": 67.35414360477124,
        "recall": 77.8705636743215
    },
    "per_classes": {
        "Negative": 0.0,
        "Neutral": 87.50981932443048,
        "Positive": 3.6101083032490973
    }
}