{
    "macro": {
        "f1": 29.49844351368707,
        "precision": 40.06645999891227,
        "recall": 33.755978822303696
    },
    "micro": {
        "f1": 63.304768752789144,
        "precision": 64.81160506718857,
        "recall": 73.64286961075231
    },
    "per_classes": {
        "Negative": 0.0,
        "Neutral": 84.7443928066276,
        "Positive": 3.7509377344336086
    }
}