{
    "macro": {
        "f1": 29.524318757921414,
        "precision": 59.42432683379758,
        "recall": 33.46055979643766
    },
    "micro": {
        "f1": 68.8242794319598,
        "precision": 79.45638836712976,
        "recall": 78.28810020876827
    },
    "per_classes": {
        "Negative": 0.0,
        "Neutral": 87.8125,
        "Positive": 0.7604562737642585
    }
}