{
    "macro": {
        "f1": 50.27477155725225,
        "precision": 50.72592592592593,
        "recall": 50.02534586226801
    },
    "micro": {
        "f1": 76.53242924351711,
        "precision": 76.4049937845345,
        "recall": 76.68754349338901
    },
    "per_classes": {
        "Negative": 15.555555555555559,
        "Neutral": 85.54913294797689,
        "Positive": 49.7196261682243
    }
}