{
    "macro": {
        "f1": 76.72370391854791,
        "precision": 79.36789629535602,
        "recall": 74.82007655990887
    },
    "micro": {
        "f1": 87.98090261230634,
        "precision": 87.9603442270031,
        "recall": 88.09565369174376
    },
    "per_classes": {
        "Negative": 59.0,
        "Neutral": 92.29678638941398,
        "Positive": 78.87432536622975
    }
}