{
    "macro": {
        "f1": 54.444002756741384,
        "precision": 63.80408870757892,
        "recall": 50.766032000950766
    },
    "micro": {
        "f1": 75.70332379861226,
        "precision": 75.96042177775095,
        "recall": 78.09390818641997
    },
    "per_classes": {
        "Negative": 28.31325301204819,
        "Neutral": 86.47698560913985,
        "Positive": 48.541769649036084
    }
}