{
    "macro": {
        "f1": 43.11819144936258,
        "precision": 46.84211778929681,
        "recall": 41.772932856280704
    },
    "micro": {
        "f1": 74.14539347626643,
        "precision": 72.98249866123165,
        "recall": 76.68754349338901
    },
    "per_classes": {
        "Negative": 7.692307692307692,
        "Neutral": 86.17065994115174,
        "Positive": 35.491606714628304
    }
}