{
    "macro": {
        "f1": 96.34460316009168,
        "precision": 98.00006305269136,
        "recall": 94.81242071746209
    },
    "micro": {
        "f1": 97.64326417916178,
        "precision": 97.66098594626048,
        "recall": 97.66102286611974
    },
    "per_classes": {
        "Negative": 95.19450800915332,
        "Neutral": 98.46081541534485,
        "Positive": 95.37848605577689
    }
}