{
    "macro": {
        "f1": 41.83984749653118,
        "precision": 45.86394922678108,
        "recall": 41.9901881772694
    },
    "micro": {
        "f1": 71.56422951160388,
        "precision": 74.00891617973666,
        "recall": 70.56367432150313
    },
    "per_classes": {
        "Negative": 7.4074074074074066,
        "Neutral": 82.96362023070097,
        "Positive": 35.148514851485146
    }
}