{
    "macro": {
        "f1": 68.96030367982246,
        "precision": 69.67870274759917,
        "recall": 77.59751557182709
    },
    "micro": {
        "f1": 83.99932744640039,
        "precision": 86.81487489450762,
        "recall": 83.29551405131785
    },
    "per_classes": {
        "Negative": 46.022031823745394,
        "Neutral": 90.02942907592701,
        "Positive": 70.82945013979496
    }
}