{
    "macro": {
        "f1": 43.22053757724822,
        "precision": 47.40384615384616,
        "recall": 42.276569787767684
    },
    "micro": {
        "f1": 75.04454011368256,
        "precision": 73.61261293411606,
        "recall": 77.59220598469034
    },
    "per_classes": {
        "Negative": 3.3333333333333335,
        "Neutral": 86.50927487352445,
        "Positive": 39.81900452488688
    }
}