{
    "macro": {
        "f1": 60.409920329207225,
        "precision": 62.04512150858519,
        "recall": 76.25674858886028
    },
    "micro": {
        "f1": 76.48662805734652,
        "precision": 84.44053972871053,
        "recall": 72.03700471286437
    },
    "per_classes": {
        "Negative": 27.666896077081898,
        "Neutral": 79.99476987447699,
        "Positive": 73.56809503606277
    }
}