{
    "macro": {
        "f1": 44.11540188445307,
        "precision": 45.3653650354158,
        "recall": 43.54230042419474
    },
    "micro": {
        "f1": 74.22833089056194,
        "precision": 73.22316369109075,
        "recall": 75.43493389004871
    },
    "per_classes": {
        "Negative": 5.333333333333333,
        "Neutral": 84.82220294882914,
        "Positive": 42.19066937119675
    }
}