{
    "macro": {
        "f1": 78.65056869117822,
        "precision": 83.3559755973231,
        "recall": 75.25690621282418
    },
    "micro": {
        "f1": 88.49649682982474,
        "precision": 88.4636723914459,
        "recall": 88.75894571478443
    },
    "per_classes": {
        "Negative": 64.26735218508998,
        "Neutral": 92.67100977198697,
        "Positive": 79.01334411645774
    }
}