{
    "macro": {
        "f1": 41.630946430246716,
        "precision": 44.52495886180097,
        "recall": 49.99489087785105
    },
    "micro": {
        "f1": 64.29451803139656,
        "precision": 72.84624118022646,
        "recall": 58.73347251217815
    },
    "per_classes": {
        "Negative": 12.72264631043257,
        "Neutral": 72.33616808404201,
        "Positive": 39.83402489626556
    }
}