{
    "macro": {
        "f1": 73.39824519503367,
        "precision": 75.44510303993776,
        "recall": 71.98123258552278
    },
    "micro": {
        "f1": 84.36496151546154,
        "precision": 84.51641861431695,
        "recall": 84.32536219235469
    },
    "per_classes": {
        "Negative": 60.098522167487666,
        "Neutral": 89.98690320276222,
        "Positive": 70.1093102148511
    }
}