{
    "macro": {
        "f1": 49.445989769052794,
        "precision": 52.7630857206454,
        "recall": 47.995998993622784
    },
    "micro": {
        "f1": 77.14174012709833,
        "precision": 76.33100763074238,
        "recall": 78.28810020876827
    },
    "per_classes": {
        "Negative": 13.698630136986301,
        "Neutral": 86.86605981794537,
        "Positive": 47.773279352226716
    }
}