{
    "macro": {
        "f1": 99.43929756560514,
        "precision": 99.23118262361425,
        "recall": 99.64942468830019
    },
    "micro": {
        "f1": 99.54662922207733,
        "precision": 99.54787806780084,
        "recall": 99.54616861581428
    },
    "per_classes": {
        "Negative": 99.56140350877193,
        "Neutral": 99.69179706021811,
        "Positive": 99.06469212782541
    }
}