{
    "macro": {
        "f1": 45.29207386350243,
        "precision": 46.8771213919402,
        "recall": 44.95656846676443
    },
    "micro": {
        "f1": 73.37858008898867,
        "precision": 73.14606572335512,
        "recall": 73.76478775226165
    },
    "per_classes": {
        "Negative": 10.81081081081081,
        "Neutral": 83.6734693877551,
        "Positive": 41.39194139194139
    }
}