{
    "macro": {
        "f1": 44.00233107071241,
        "precision": 50.68369397533093,
        "recall": 43.09924054741381
    },
    "micro": {
        "f1": 75.6922519682817,
        "precision": 74.47625569631265,
        "recall": 78.14892136395268
    },
    "per_classes": {
        "Negative": 3.571428571428571,
        "Neutral": 86.93446088794927,
        "Positive": 41.501103752759384
    }
}