{
    "macro": {
        "f1": 97.77453867549025,
        "precision": 98.60792227269565,
        "recall": 96.97350260820929
    },
    "micro": {
        "f1": 98.42388715916069,
        "precision": 98.42709711053134,
        "recall": 98.42904520858788
    },
    "per_classes": {
        "Negative": 97.52808988764046,
        "Neutral": 98.95010027132241,
        "Positive": 96.84542586750788
    }
}