{
    "macro": {
        "f1": 37.89325514533451,
        "precision": 47.684289176826496,
        "recall": 37.87613303994277
    },
    "micro": {
        "f1": 73.60302415572032,
        "precision": 74.29060696502194,
        "recall": 79.26235212247738
    },
    "per_classes": {
        "Negative": 0.0,
        "Neutral": 88.1478505423865,
        "Positive": 25.53191489361702
    }
}