{
    "macro": {
        "f1": 63.29844621374322,
        "precision": 87.95959634612235,
        "recall": 56.20402387494018
    },
    "micro": {
        "f1": 79.27185575650262,
        "precision": 84.37654656669214,
        "recall": 82.38785128294641
    },
    "per_classes": {
        "Negative": 49.044585987261144,
        "Neutral": 89.28913993392305,
        "Positive": 51.56161272004544
    }
}