{
    "macro": {
        "f1": 46.34340291028563,
        "precision": 78.85460818566638,
        "recall": 43.79479536653084
    },
    "micro": {
        "f1": 74.08502519659879,
        "precision": 79.93734178813182,
        "recall": 79.07139116774306
    },
    "per_classes": {
        "Negative": 10.612244897959183,
        "Neutral": 87.56031046779947,
        "Positive": 40.857653365098265
    }
}