{
    "macro": {
        "f1": 37.910080030498875,
        "precision": 52.087683710200274,
        "recall": 37.694606063156385
    },
    "micro": {
        "f1": 72.67456689868128,
        "precision": 72.75560515374421,
        "recall": 78.28810020876827
    },
    "per_classes": {
        "Negative": 3.6363636363636362,
        "Neutral": 87.47482883608538,
        "Positive": 22.61904761904762
    }
}