{
    "macro": {
        "f1": 46.79423453875475,
        "precision": 49.09134492936011,
        "recall": 46.05743114936339
    },
    "micro": {
        "f1": 75.8279229236812,
        "precision": 74.99118364041477,
        "recall": 76.89631176061239
    },
    "per_classes": {
        "Negative": 8.571428571428571,
        "Neutral": 85.83877995642702,
        "Positive": 45.97249508840865
    }
}