{
    "macro": {
        "f1": 29.25940387869322,
        "precision": 26.072836928786824,
        "recall": 33.33333333333333
    },
    "micro": {
        "f1": 68.65880993664129,
        "precision": 61.1813542963599,
        "recall": 78.21851078636047
    },
    "per_classes": {
        "Negative": 0.0,
        "Neutral": 87.77821163607965,
        "Positive": 0.0
    }
}