{
    "macro": {
        "f1": 42.30659915241993,
        "precision": 55.51057821502585,
        "recall": 40.749204157680204
    },
    "micro": {
        "f1": 74.51178469360019,
        "precision": 74.11557321131009,
        "recall": 78.49686847599166
    },
    "per_classes": {
        "Negative": 7.017543859649122,
        "Neutral": 87.35632183908048,
        "Positive": 32.54593175853019
    }
}