{
    "macro": {
        "f1": 47.60708593539946,
        "precision": 48.66187620847726,
        "recall": 47.35550328359863
    },
    "micro": {
        "f1": 76.31197030016479,
        "precision": 75.7563769931555,
        "recall": 76.96590118302018
    },
    "per_classes": {
        "Negative": 7.999999999999999,
        "Neutral": 85.76465403261349,
        "Positive": 49.056603773584904
    }
}