{
    "macro": {
        "f1": 62.8072190126299,
        "precision": 84.45717671707055,
        "recall": 56.50732050699738
    },
    "micro": {
        "f1": 81.24830598121362,
        "precision": 83.37578991953565,
        "recall": 83.29551405131785
    },
    "per_classes": {
        "Negative": 37.370242214532865,
        "Neutral": 89.60385204639965,
        "Positive": 61.447562776957156
    }
}