{
    "macro": {
        "f1": 90.62045709626031,
        "precision": 94.17547834989333,
        "recall": 87.62162405864947
    },
    "micro": {
        "f1": 94.3363276386995,
        "precision": 94.43594385852695,
        "recall": 94.44929307034387
    },
    "per_classes": {
        "Negative": 86.46080760095012,
        "Neutral": 96.36511438857275,
        "Positive": 89.03544929925803
    }
}