{
    "macro": {
        "f1": 79.65927762447267,
        "precision": 81.2065973248924,
        "recall": 82.4711842278102
    },
    "micro": {
        "f1": 88.67780599705097,
        "precision": 90.24576368807003,
        "recall": 89.0033164601152
    },
    "per_classes": {
        "Negative": 68.29268292682926,
        "Neutral": 93.14755596162631,
        "Positive": 77.5375939849624
    }
}