{
    "macro": {
        "f1": 44.877399876089704,
        "precision": 49.405474824323356,
        "recall": 45.3613609742612
    },
    "micro": {
        "f1": 73.39522016221768,
        "precision": 74.03363433276951,
        "recall": 75.36534446764091
    },
    "per_classes": {
        "Negative": 17.391304347826086,
        "Neutral": 85.69009314140558,
        "Positive": 31.550802139037433
    }
}