{
    "macro": {
        "f1": 44.33692682053111,
        "precision": 46.64152080306693,
        "recall": 43.295544472622296
    },
    "micro": {
        "f1": 74.9106478072106,
        "precision": 73.72211690659333,
        "recall": 76.68754349338901
    },
    "per_classes": {
        "Negative": 5.405405405405405,
        "Neutral": 85.7753096967108,
        "Positive": 41.830065359477125
    }
}