{
    "macro": {
        "f1": 43.17363709649978,
        "precision": 52.792792976544746,
        "recall": 41.927644377189324
    },
    "micro": {
        "f1": 71.11973291729288,
        "precision": 70.52110999590134,
        "recall": 74.72508291150288
    },
    "per_classes": {
        "Negative": 6.923076923076923,
        "Neutral": 84.60284689775074,
        "Positive": 37.994987468671674
    }
}