{
    "macro": {
        "f1": 38.45392398414984,
        "precision": 40.22789660543588,
        "recall": 38.36579645576956
    },
    "micro": {
        "f1": 72.5997973437627,
        "precision": 70.48096526937499,
        "recall": 76.06123869171886
    },
    "per_classes": {
        "Negative": 0.0,
        "Neutral": 85.96418159100374,
        "Positive": 29.397590361445786
    }
}