{
    "macro": {
        "f1": 47.54173211402306,
        "precision": 47.897175762632585,
        "recall": 47.46668772459497
    },
    "micro": {
        "f1": 75.71146278316576,
        "precision": 75.46980577327489,
        "recall": 75.99164926931107
    },
    "per_classes": {
        "Negative": 9.411764705882353,
        "Neutral": 85.16873889875666,
        "Positive": 48.04469273743017
    }
}