{
    "macro": {
        "f1": 84.22117027210693,
        "precision": 86.9692788962862,
        "recall": 82.08446934784014
    },
    "micro": {
        "f1": 91.2826328829086,
        "precision": 91.29875049568808,
        "recall": 91.34229359399546
    },
    "per_classes": {
        "Negative": 74.32762836185819,
        "Neutral": 94.42739079102715,
        "Positive": 83.90849166343544
    }
}