{
    "macro": {
        "f1": 57.916787448229236,
        "precision": 64.24117074650562,
        "recall": 73.33381691391189
    },
    "micro": {
        "f1": 75.7950586667402,
        "precision": 85.79714125250172,
        "recall": 70.81515098621051
    },
    "per_classes": {
        "Negative": 25.742574257425744,
        "Neutral": 81.210722072592,
        "Positive": 66.79706601466994
    }
}