{
    "macro": {
        "f1": 40.5890179629121,
        "precision": 48.637007917564794,
        "recall": 49.33757190723219
    },
    "micro": {
        "f1": 65.79513825287182,
        "precision": 76.14141982082491,
        "recall": 60.125260960334025
    },
    "per_classes": {
        "Negative": 12.307692307692307,
        "Neutral": 75.68627450980392,
        "Positive": 33.773087071240106
    }
}