{
    "macro": {
        "f1": 43.90875915951027,
        "precision": 46.119454790607016,
        "recall": 43.201565033753944
    },
    "micro": {
        "f1": 75.30373979391723,
        "precision": 73.91943156347553,
        "recall": 77.24425887265136
    },
    "per_classes": {
        "Negative": 3.0769230769230766,
        "Neutral": 86.25106746370624,
        "Positive": 42.398286937901496
    }
}