{
    "macro": {
        "f1": 94.57351749302389,
        "precision": 95.88898681289986,
        "recall": 93.35501128890222
    },
    "micro": {
        "f1": 96.44384749543082,
        "precision": 96.44572768940972,
        "recall": 96.45662419270379
    },
    "per_classes": {
        "Negative": 92.90617848970251,
        "Neutral": 97.61736258551544,
        "Positive": 93.19701140385371
    }
}