{
    "macro": {
        "f1": 48.795840403185125,
        "precision": 54.05673503739066,
        "recall": 46.71898034883364
    },
    "micro": {
        "f1": 76.76977088544106,
        "precision": 75.8477537993475,
        "recall": 78.49686847599166
    },
    "per_classes": {
        "Negative": 14.285714285714285,
        "Neutral": 86.98250106700812,
        "Positive": 45.119305856832966
    }
}