{
    "macro": {
        "f1": 41.51440899595489,
        "precision": 77.78660174863064,
        "recall": 40.04900584739252
    },
    "micro": {
        "f1": 74.2638302467319,
        "precision": 76.3832691232052,
        "recall": 78.91440501043841
    },
    "per_classes": {
        "Negative": 7.547169811320755,
        "Neutral": 87.79495524816925,
        "Positive": 29.201101928374655
    }
}