{
    "macro": {
        "f1": 49.856839082671264,
        "precision": 79.6269817870928,
        "recall": 46.53607148373414
    },
    "micro": {
        "f1": 76.46997207330524,
        "precision": 80.6921294648783,
        "recall": 80.38052016058649
    },
    "per_classes": {
        "Negative": 12.145748987854251,
        "Neutral": 88.17021276595746,
        "Positive": 49.2545554942021
    }
}