{
    "macro": {
        "f1": 46.316518548002236,
        "precision": 48.19715120090589,
        "recall": 45.80656925688062
    },
    "micro": {
        "f1": 76.13280553785823,
        "precision": 75.17654349973455,
        "recall": 77.31384829505915
    },
    "per_classes": {
        "Negative": 5.88235294117647,
        "Neutral": 86.12440191387559,
        "Positive": 46.942800788954635
    }
}