{
    "macro": {
        "f1": 50.73305195256415,
        "precision": 52.73907866646022,
        "recall": 49.51553448342292
    },
    "micro": {
        "f1": 77.25858939260844,
        "precision": 76.65340477253442,
        "recall": 78.00974251913709
    },
    "per_classes": {
        "Negative": 17.073170731707318,
        "Neutral": 86.71328671328672,
        "Positive": 48.41269841269841
    }
}