{
    "macro": {
        "f1": 66.87496881822914,
        "precision": 79.1474987967922,
        "recall": 61.512288336925266
    },
    "micro": {
        "f1": 83.2707455200678,
        "precision": 83.71539370473383,
        "recall": 84.46500261825798
    },
    "per_classes": {
        "Negative": 43.47826086956522,
        "Neutral": 90.42050820778054,
        "Positive": 66.72613737734167
    }
}