{
    "macro": {
        "f1": 99.24901623391746,
        "precision": 99.29938383231371,
        "recall": 99.20100277112263
    },
    "micro": {
        "f1": 99.4768293265136,
        "precision": 99.47826630176306,
        "recall": 99.47634840286263
    },
    "per_classes": {
        "Negative": 99.11504424778761,
        "Neutral": 99.64446551315478,
        "Positive": 98.98753894080997
    }
}