{
    "macro": {
        "f1": 45.92506373491889,
        "precision": 53.27962641419531,
        "recall": 44.15197716368881
    },
    "micro": {
        "f1": 75.84736944828639,
        "precision": 74.82827896868697,
        "recall": 78.14892136395268
    },
    "per_classes": {
        "Negative": 9.67741935483871,
        "Neutral": 86.93446088794927,
        "Positive": 41.163310961968676
    }
}