{
    "macro": {
        "f1": 68.72226285400077,
        "precision": 85.47160039606956,
        "recall": 61.960886371478686
    },
    "micro": {
        "f1": 83.6484123457337,
        "precision": 85.11168852655902,
        "recall": 85.12829464129865
    },
    "per_classes": {
        "Negative": 49.21135646687698,
        "Neutral": 90.79646017699116,
        "Positive": 66.15897191813421
    }
}