{
    "macro": {
        "f1": 45.23647771850794,
        "precision": 52.2016441124549,
        "recall": 43.20977691557458
    },
    "micro": {
        "f1": 75.92600280614067,
        "precision": 75.22427482468758,
        "recall": 78.91440501043841
    },
    "per_classes": {
        "Negative": 8.823529411764707,
        "Neutral": 87.48440748440748,
        "Positive": 39.40149625935162
    }
}