{
    "macro": {
        "f1": 49.18426125540385,
        "precision": 52.396295828686455,
        "recall": 47.962494515794596
    },
    "micro": {
        "f1": 76.57884904481892,
        "precision": 75.90496341140958,
        "recall": 77.52261656228254
    },
    "per_classes": {
        "Negative": 13.88888888888889,
        "Neutral": 86.2129144851658,
        "Positive": 47.450980392156865
    }
}