{
    "macro": {
        "f1": 46.0460592686594,
        "precision": 49.954524498092965,
        "recall": 45.06811245501886
    },
    "micro": {
        "f1": 76.17807338171177,
        "precision": 75.05576997637739,
        "recall": 77.8705636743215
    },
    "per_classes": {
        "Negative": 6.349206349206349,
        "Neutral": 86.56075568913698,
        "Positive": 45.22821576763486
    }
}