{
    "macro": {
        "f1": 66.76723823329195,
        "precision": 75.64364666991959,
        "recall": 64.7864062154283
    },
    "micro": {
        "f1": 80.96168374603471,
        "precision": 84.07065398241578,
        "recall": 82.96386803979752
    },
    "per_classes": {
        "Negative": 54.00843881856541,
        "Neutral": 89.83032293377121,
        "Positive": 56.462952947539215
    }
}