{
    "macro": {
        "f1": 43.88507063000605,
        "precision": 50.743609793223264,
        "recall": 43.148809241625166
    },
    "micro": {
        "f1": 74.11365688104117,
        "precision": 74.81988318652584,
        "recall": 77.17466945024356
    },
    "per_classes": {
        "Negative": 14.285714285714285,
        "Neutral": 87.03241895261846,
        "Positive": 30.337078651685395
    }
}