{
    "macro": {
        "f1": 66.75721254789094,
        "precision": 83.61613305768442,
        "recall": 61.05462558616701
    },
    "micro": {
        "f1": 84.04809140868747,
        "precision": 84.91627846657576,
        "recall": 85.32030022691569
    },
    "per_classes": {
        "Negative": 40.26845637583892,
        "Neutral": 90.93971034018188,
        "Positive": 69.06347092765202
    }
}