{
    "macro": {
        "f1": 51.49805699416594,
        "precision": 55.949653630065995,
        "recall": 49.799643400141655
    },
    "micro": {
        "f1": 77.38127892612347,
        "precision": 76.88217978986978,
        "recall": 78.21851078636047
    },
    "per_classes": {
        "Negative": 19.444444444444446,
        "Neutral": 86.80069930069929,
        "Positive": 48.249027237354085
    }
}