{
    "macro": {
        "f1": 99.05260003399844,
        "precision": 98.88123104613685,
        "recall": 99.22542879393062
    },
    "micro": {
        "f1": 99.42443556626593,
        "precision": 99.42522013489491,
        "recall": 99.4239832431489
    },
    "per_classes": {
        "Negative": 98.6842105263158,
        "Neutral": 99.64454976303317,
        "Positive": 98.82903981264637
    }
}