{
    "macro": {
        "f1": 45.7834730258517,
        "precision": 53.2692430529081,
        "recall": 43.986492209010414
    },
    "micro": {
        "f1": 75.83379914798589,
        "precision": 74.80749669988244,
        "recall": 78.21851078636047
    },
    "per_classes": {
        "Negative": 9.67741935483871,
        "Neutral": 87.04094554664414,
        "Positive": 40.63205417607224
    }
}