{
    "macro": {
        "f1": 30.459023628357272,
        "precision": 36.34747552698108,
        "recall": 33.94182582678435
    },
    "micro": {
        "f1": 63.742736161146496,
        "precision": 62.4103865446431,
        "recall": 73.0493978006633
    },
    "per_classes": {
        "Negative": 0.0,
        "Neutral": 84.34472208057112,
        "Positive": 7.032348804500703
    }
}