{
    "macro": {
        "f1": 30.54728582955399,
        "precision": 35.653753026634384,
        "recall": 33.681508244818126
    },
    "micro": {
        "f1": 69.1373167309286,
        "precision": 66.52462336620718,
        "recall": 77.66179540709813
    },
    "per_classes": {
        "Negative": 0.0,
        "Neutral": 87.4015748031496,
        "Positive": 4.240282685512367
    }
}