{
    "macro": {
        "f1": 31.347439748265753,
        "precision": 36.28809462142795,
        "recall": 33.98282216366484
    },
    "micro": {
        "f1": 69.49164859745439,
        "precision": 66.97442097581276,
        "recall": 77.45302713987473
    },
    "per_classes": {
        "Negative": 0.0,
        "Neutral": 87.2626582278481,
        "Positive": 6.779661016949152
    }
}