{
    "macro": {
        "f1": 31.12651515151515,
        "precision": 44.90958537980551,
        "recall": 34.552879471422834
    },
    "micro": {
        "f1": 64.49732342626827,
        "precision": 68.2654687572158,
        "recall": 74.07924594170012
    },
    "per_classes": {
        "Negative": 0.0,
        "Neutral": 84.94318181818181,
        "Positive": 8.436363636363636
    }
}