{
    "macro": {
        "f1": 59.65521857944061,
        "precision": 60.58030216730216,
        "recall": 59.90461065875131
    },
    "micro": {
        "f1": 78.61802984215376,
        "precision": 78.86913924793535,
        "recall": 78.96666084831558
    },
    "per_classes": {
        "Negative": 32.51417769376182,
        "Neutral": 86.85819776162455,
        "Positive": 59.59328028293546
    }
}