{
    "macro": {
        "f1": 44.39132514075623,
        "precision": 44.97574170659656,
        "recall": 44.44908304795934
    },
    "micro": {
        "f1": 72.63251039083525,
        "precision": 73.24501182117227,
        "recall": 72.1642310368824
    },
    "per_classes": {
        "Negative": 8.51063829787234,
        "Neutral": 82.68802848242102,
        "Positive": 41.9753086419753
    }
}