{
    "macro": {
        "f1": 61.30733917668524,
        "precision": 75.06785092026641,
        "recall": 57.08346294632886
    },
    "micro": {
        "f1": 81.62969020458814,
        "precision": 81.98083074196212,
        "recall": 83.03368825274917
    },
    "per_classes": {
        "Negative": 28.865979381443303,
        "Neutral": 89.26197183098591,
        "Positive": 65.79406631762653
    }
}