{
    "macro": {
        "f1": 46.02658414735395,
        "precision": 53.161112791865065,
        "recall": 44.31746211836722
    },
    "micro": {
        "f1": 75.882964051675,
        "precision": 74.85915053675572,
        "recall": 78.07933194154488
    },
    "per_classes": {
        "Negative": 9.67741935483871,
        "Neutral": 86.90122933446376,
        "Positive": 41.501103752759384
    }
}