{
    "macro": {
        "f1": 48.91603527104868,
        "precision": 49.9413467219928,
        "recall": 48.28243387038153
    },
    "micro": {
        "f1": 75.20648210702628,
        "precision": 74.88616747910389,
        "recall": 75.5741127348643
    },
    "per_classes": {
        "Negative": 16.27906976744186,
        "Neutral": 84.75475033141848,
        "Positive": 45.714285714285715
    }
}