{
    "macro": {
        "f1": 35.822282954762,
        "precision": 40.46695513759833,
        "recall": 36.40103048907482
    },
    "micro": {
        "f1": 71.64805522953152,
        "precision": 69.8474960290529,
        "recall": 77.17466945024356
    },
    "per_classes": {
        "Negative": 0.0,
        "Neutral": 86.77719369187221,
        "Positive": 20.689655172413794
    }
}