{
    "macro": {
        "f1": 42.91141706959139,
        "precision": 63.91024903833254,
        "recall": 41.50652940748281
    },
    "micro": {
        "f1": 71.8258783770694,
        "precision": 75.17934992311753,
        "recall": 77.16879036481062
    },
    "per_classes": {
        "Negative": 7.228915662650602,
        "Neutral": 86.42804660438752,
        "Positive": 35.07728894173603
    }
}