{
    "macro": {
        "f1": 99.91370381671517,
        "precision": 99.85380116959064,
        "recall": 99.97393797237424
    },
    "micro": {
        "f1": 99.98256071494936,
        "precision": 99.98262150401312,
        "recall": 99.98254494676209
    },
    "per_classes": {
        "Negative": 99.78021978021978,
        "Neutral": 100.0,
        "Positive": 99.9608916699257
    }
}