{
    "macro": {
        "f1": 65.31327179515273,
        "precision": 73.7228085718349,
        "recall": 60.72896191144122
    },
    "micro": {
        "f1": 80.79205121326054,
        "precision": 81.19733241548983,
        "recall": 82.19584569732937
    },
    "per_classes": {
        "Negative": 46.994535519125684,
        "Neutral": 88.8888888888889,
        "Positive": 60.056390977443606
    }
}