{
    "macro": {
        "f1": 49.368137267212994,
        "precision": 49.6419315139758,
        "recall": 49.127578553085954
    },
    "micro": {
        "f1": 74.97224627383291,
        "precision": 74.86166599923317,
        "recall": 75.08698677800975
    },
    "per_classes": {
        "Negative": 18.556701030927837,
        "Neutral": 84.50954283177985,
        "Positive": 45.038167938931295
    }
}