{
    "macro": {
        "f1": 99.42383051670744,
        "precision": 99.1973483683398,
        "recall": 99.65418904665376
    },
    "micro": {
        "f1": 99.47762646238085,
        "precision": 99.48184438416372,
        "recall": 99.47634840286263
    },
    "per_classes": {
        "Negative": 99.78021978021978,
        "Neutral": 99.65586804319449,
        "Positive": 98.83540372670808
    }
}