{
    "macro": {
        "f1": 45.997993662204834,
        "precision": 49.3226022394708,
        "recall": 44.3781945329996
    },
    "micro": {
        "f1": 74.99661741859846,
        "precision": 73.97426634934232,
        "recall": 76.89631176061239
    },
    "per_classes": {
        "Negative": 12.345679012345677,
        "Neutral": 86.10284742881429,
        "Positive": 39.54545454545455
    }
}