{
    "macro": {
        "f1": 88.48727631139853,
        "precision": 93.48752558546579,
        "recall": 84.65169987440397
    },
    "micro": {
        "f1": 93.6496281983286,
        "precision": 93.74728978384212,
        "recall": 93.78600104730319
    },
    "per_classes": {
        "Negative": 81.203007518797,
        "Neutral": 95.93023255813952,
        "Positive": 88.32858885725905
    }
}