{
    "macro": {
        "f1": 44.342678522237236,
        "precision": 49.65888339704414,
        "recall": 43.21042498841015
    },
    "micro": {
        "f1": 75.05811045132097,
        "precision": 73.83867273853905,
        "recall": 77.17466945024356
    },
    "per_classes": {
        "Negative": 6.557377049180327,
        "Neutral": 86.29787234042554,
        "Positive": 40.17278617710583
    }
}