{
    "macro": {
        "f1": 42.26872221856111,
        "precision": 47.1197914658786,
        "recall": 43.7780480152725
    },
    "micro": {
        "f1": 70.9159361943537,
        "precision": 74.25735273241173,
        "recall": 69.589422407794
    },
    "per_classes": {
        "Negative": 9.917355371900825,
        "Neutral": 82.1062025881303,
        "Positive": 34.78260869565217
    }
}