{
    "macro": {
        "f1": 71.57089503555584,
        "precision": 72.24779174643395,
        "recall": 82.95621952826671
    },
    "micro": {
        "f1": 86.26827194524896,
        "precision": 89.86626257281112,
        "recall": 85.09338453482283
    },
    "per_classes": {
        "Negative": 47.333333333333336,
        "Neutral": 91.51089415406597,
        "Positive": 75.86845761926817
    }
}