{
    "macro": {
        "f1": 29.974455140440842,
        "precision": 37.377752964533784,
        "recall": 40.17768381609433
    },
    "micro": {
        "f1": 44.20546396554572,
        "precision": 70.15572043241517,
        "recall": 40.709812108559504
    },
    "per_classes": {
        "Negative": 6.944444444444445,
        "Neutral": 48.0610298792117,
        "Positive": 34.917891097666384
    }
}