{
    "macro": {
        "f1": 36.906114071758985,
        "precision": 44.83976556768059,
        "recall": 48.33086362425574
    },
    "micro": {
        "f1": 46.97699035999917,
        "precision": 74.4581182457004,
        "recall": 45.6973293768546
    },
    "per_classes": {
        "Negative": 16.333333333333336,
        "Neutral": 49.152542372881356,
        "Positive": 45.23246650906225
    }
}