{
    "macro": {
        "f1": 98.35046870824783,
        "precision": 97.98707283533577,
        "recall": 98.7217538970388
    },
    "micro": {
        "f1": 99.23341218114375,
        "precision": 99.23603090372715,
        "recall": 99.23197765753186
    },
    "per_classes": {
        "Negative": 96.73202614379085,
        "Neutral": 99.49034016830626,
        "Positive": 98.82903981264637
    }
}