{
    "macro": {
        "f1": 49.171066189916864,
        "precision": 51.324906566842046,
        "recall": 48.24776641253334
    },
    "micro": {
        "f1": 75.69150231681078,
        "precision": 75.2572601569167,
        "recall": 76.27000695894223
    },
    "per_classes": {
        "Negative": 15.584415584415586,
        "Neutral": 85.1607221488331,
        "Positive": 46.768060836501895
    }
}