{
    "macro": {
        "f1": 68.887586643519,
        "precision": 84.3498254803602,
        "recall": 63.017751084274124
    },
    "micro": {
        "f1": 81.433643963418,
        "precision": 85.2474906532993,
        "recall": 83.83662070169315
    },
    "per_classes": {
        "Negative": 60.317460317460316,
        "Neutral": 90.2396890520406,
        "Positive": 56.10561056105612
    }
}