{
    "macro": {
        "f1": 40.34982107682405,
        "precision": 50.269509906212186,
        "recall": 39.404271030806896
    },
    "micro": {
        "f1": 74.21759203695483,
        "precision": 75.21929070082172,
        "recall": 78.77522616562283
    },
    "per_classes": {
        "Negative": 5.0,
        "Neutral": 88.15628815628816,
        "Positive": 27.89317507418398
    }
}