{
    "macro": {
        "f1": 98.63137609366697,
        "precision": 99.1789508367739,
        "recall": 98.09790180976555
    },
    "micro": {
        "f1": 99.10777481510777,
        "precision": 99.10930040816507,
        "recall": 99.10979228486647
    },
    "per_classes": {
        "Negative": 98.21428571428572,
        "Neutral": 99.40940231514293,
        "Positive": 98.27044025157232
    }
}