{
    "macro": {
        "f1": 46.03352463194769,
        "precision": 50.74629073412854,
        "recall": 44.52980806568369
    },
    "micro": {
        "f1": 75.72823642533805,
        "precision": 74.60420396604037,
        "recall": 77.66179540709813
    },
    "per_classes": {
        "Negative": 9.09090909090909,
        "Neutral": 86.49339582445675,
        "Positive": 42.51626898047723
    }
}