{
    "macro": {
        "f1": 30.48152295632699,
        "precision": 34.79183322058914,
        "recall": 33.59254027328788
    },
    "micro": {
        "f1": 69.00085019103972,
        "precision": 65.99241830068716,
        "recall": 77.45302713987473
    },
    "per_classes": {
        "Negative": 0.0,
        "Neutral": 87.2340425531915,
        "Positive": 4.210526315789474
    }
}