{
    "macro": {
        "f1": 30.76020677194016,
        "precision": 46.82892441513131,
        "recall": 34.42882718221961
    },
    "micro": {
        "f1": 64.30043405805857,
        "precision": 69.52960427208204,
        "recall": 74.16652120788967
    },
    "per_classes": {
        "Negative": 0.0,
        "Neutral": 85.03745697509618,
        "Positive": 7.243163340724318
    }
}