{
    "macro": {
        "f1": 30.335204346159912,
        "precision": 35.90720795360397,
        "recall": 33.61359376273397
    },
    "micro": {
        "f1": 69.0331964651943,
        "precision": 66.61528465071817,
        "recall": 77.73138482950591
    },
    "per_classes": {
        "Negative": 0.0,
        "Neutral": 87.42138364779873,
        "Positive": 3.584229390681004
    }
}