{
    "macro": {
        "f1": 30.86580905229913,
        "precision": 42.78894651449641,
        "recall": 34.398889484845114
    },
    "micro": {
        "f1": 64.30028539515115,
        "precision": 66.83135570981719,
        "recall": 73.93960551579683
    },
    "per_classes": {
        "Negative": 0.0,
        "Neutral": 84.89953318449362,
        "Positive": 7.697893972403776
    }
}