{
    "macro": {
        "f1": 47.723286310823084,
        "precision": 52.015311827598524,
        "recall": 46.87149940794552
    },
    "micro": {
        "f1": 76.50918725269227,
        "precision": 75.7845142584396,
        "recall": 77.66179540709813
    },
    "per_classes": {
        "Negative": 9.375,
        "Neutral": 86.32404181184668,
        "Positive": 47.47081712062256
    }
}