{
    "macro": {
        "f1": 99.46362502812244,
        "precision": 99.3837074613278,
        "recall": 99.54443040343817
    },
    "micro": {
        "f1": 99.58156837223619,
        "precision": 99.58276926297998,
        "recall": 99.5810787222901
    },
    "per_classes": {
        "Negative": 99.55947136563876,
        "Neutral": 99.727391252815,
        "Positive": 99.10401246591351
    }
}