{
    "macro": {
        "f1": 44.212044721893946,
        "precision": 48.4606667859486,
        "recall": 42.969586030603594
    },
    "micro": {
        "f1": 74.19130432546831,
        "precision": 72.99062815130577,
        "recall": 76.06123869171886
    },
    "per_classes": {
        "Negative": 9.09090909090909,
        "Neutral": 85.59213339033775,
        "Positive": 37.953091684434966
    }
}