{
    "macro": {
        "f1": 70.77151612568441,
        "precision": 78.71954137630685,
        "recall": 66.0988015536914
    },
    "micro": {
        "f1": 84.18608618169955,
        "precision": 84.25307375235417,
        "recall": 84.97119916215745
    },
    "per_classes": {
        "Negative": 53.48189415041783,
        "Neutral": 90.69793920072867,
        "Positive": 68.13471502590673
    }
}