{
    "macro": {
        "f1": 43.7516371306341,
        "precision": 47.98055014574662,
        "recall": 42.45951719816629
    },
    "micro": {
        "f1": 74.8046689794265,
        "precision": 73.49699164663848,
        "recall": 77.24425887265136
    },
    "per_classes": {
        "Negative": 6.06060606060606,
        "Neutral": 86.29270350063264,
        "Positive": 38.901601830663616
    }
}