{
    "macro": {
        "f1": 87.17281800156846,
        "precision": 94.24783663948783,
        "recall": 82.22135939207786
    },
    "micro": {
        "f1": 93.1706308688533,
        "precision": 93.4186467336713,
        "recall": 93.38453482283121
    },
    "per_classes": {
        "Negative": 78.32898172323762,
        "Neutral": 95.68428340641589,
        "Positive": 87.50518887505187
    }
}