{
    "macro": {
        "f1": 55.80002832008405,
        "precision": 67.75091269906893,
        "recall": 68.74893445487281
    },
    "micro": {
        "f1": 74.58561380908172,
        "precision": 83.96271599771448,
        "recall": 74.75999301797872
    },
    "per_classes": {
        "Negative": 36.02150537634408,
        "Neutral": 85.28902734510211,
        "Positive": 46.08955223880597
    }
}