{
    "macro": {
        "f1": 38.84884697210402,
        "precision": 52.32557883816437,
        "recall": 44.26475959249891
    },
    "micro": {
        "f1": 68.46864132741895,
        "precision": 76.17990533990101,
        "recall": 68.26722338204593
    },
    "per_classes": {
        "Negative": 12.88135593220339,
        "Neutral": 81.87031318923687,
        "Positive": 21.794871794871796
    }
}