{
    "macro": {
        "f1": 41.37229572090633,
        "precision": 52.18923647337955,
        "recall": 41.057464884661684
    },
    "micro": {
        "f1": 72.69103826499278,
        "precision": 75.17957714539513,
        "recall": 76.47877522616562
    },
    "per_classes": {
        "Negative": 11.965811965811966,
        "Neutral": 86.38420403126285,
        "Positive": 25.766871165644172
    }
}