{
    "macro": {
        "f1": 84.82702531177141,
        "precision": 90.10843102577466,
        "recall": 80.82606273949011
    },
    "micro": {
        "f1": 91.63412802032536,
        "precision": 91.75756091867058,
        "recall": 91.86594519113284
    },
    "per_classes": {
        "Negative": 75.37688442211056,
        "Neutral": 94.69670710571924,
        "Positive": 84.4074844074844
    }
}