{
    "macro": {
        "f1": 44.553752024664455,
        "precision": 47.37925743627138,
        "recall": 43.48208291674678
    },
    "micro": {
        "f1": 75.03021932885126,
        "precision": 73.78819335621772,
        "recall": 76.89631176061239
    },
    "per_classes": {
        "Negative": 5.797101449275361,
        "Neutral": 85.872812633376,
        "Positive": 41.99134199134199
    }
}