{
    "macro": {
        "f1": 54.76190590462471,
        "precision": 69.70143666348032,
        "recall": 54.04491709244218
    },
    "micro": {
        "f1": 73.33409821987033,
        "precision": 79.45071428089949,
        "recall": 77.65753185547216
    },
    "per_classes": {
        "Negative": 42.82655246252677,
        "Neutral": 86.63829787234043,
        "Positive": 34.82086737900691
    }
}