{
    "macro": {
        "f1": 36.6548639812473,
        "precision": 45.6899548140424,
        "recall": 37.05346228029665
    },
    "micro": {
        "f1": 72.72344186510128,
        "precision": 72.93624549464727,
        "recall": 78.70563674321504
    },
    "per_classes": {
        "Negative": 0.0,
        "Neutral": 87.81074578989576,
        "Positive": 22.153846153846153
    }
}