{
    "macro": {
        "f1": 46.61334545549826,
        "precision": 49.08924022775751,
        "recall": 45.552373784264184
    },
    "micro": {
        "f1": 75.94815816384022,
        "precision": 74.93400643509366,
        "recall": 77.31384829505915
    },
    "per_classes": {
        "Negative": 8.333333333333332,
        "Neutral": 86.14587829089339,
        "Positive": 45.36082474226804
    }
}