{
    "macro": {
        "f1": 43.44317848585631,
        "precision": 74.5893943628136,
        "recall": 41.934403255308986
    },
    "micro": {
        "f1": 72.81995863334029,
        "precision": 79.2564706614557,
        "recall": 78.40809914470239
    },
    "per_classes": {
        "Negative": 5.857740585774058,
        "Neutral": 87.17948717948718,
        "Positive": 37.29230769230769
    }
}