{
    "macro": {
        "f1": 39.80876244219766,
        "precision": 38.85337692510313,
        "recall": 40.867314409573495
    },
    "micro": {
        "f1": 67.47725805205135,
        "precision": 66.55149989774843,
        "recall": 68.47617385233025
    },
    "per_classes": {
        "Negative": 0.0,
        "Neutral": 79.426287326593,
        "Positive": 40.0
    }
}