{
    "macro": {
        "f1": 34.266796510853645,
        "precision": 40.73958307285806,
        "recall": 35.53534722410874
    },
    "micro": {
        "f1": 71.036108444397,
        "precision": 69.74161566310666,
        "recall": 77.66179540709813
    },
    "per_classes": {
        "Negative": 0.0,
        "Neutral": 87.17538953256093,
        "Positive": 15.625
    }
}