{
    "macro": {
        "f1": 35.54796559945018,
        "precision": 34.81482513067618,
        "recall": 36.474378129725714
    },
    "micro": {
        "f1": 67.18615666293228,
        "precision": 66.97783099211628,
        "recall": 67.5017397355602
    },
    "per_classes": {
        "Negative": 0.0,
        "Neutral": 79.5891022778026,
        "Positive": 27.054794520547947
    }
}