{
    "macro": {
        "f1": 37.72022079499492,
        "precision": 49.20776264873077,
        "recall": 38.32337539237299
    },
    "micro": {
        "f1": 69.38122928727695,
        "precision": 72.18429709653991,
        "recall": 76.06912201082213
    },
    "per_classes": {
        "Negative": 0.0,
        "Neutral": 85.85345631671676,
        "Positive": 27.307206068268012
    }
}