{
    "macro": {
        "f1": 43.04573627540191,
        "precision": 49.270171340510224,
        "recall": 41.89013638470882
    },
    "micro": {
        "f1": 75.2416834328255,
        "precision": 73.99988508466312,
        "recall": 78.28810020876827
    },
    "per_classes": {
        "Negative": 3.4482758620689653,
        "Neutral": 87.02544847726324,
        "Positive": 38.663484486873514
    }
}