{
    "macro": {
        "f1": 63.40928115795555,
        "precision": 83.0289890517413,
        "recall": 57.404594167797725
    },
    "micro": {
        "f1": 81.99733158431872,
        "precision": 83.62406656731737,
        "recall": 83.81916564845523
    },
    "per_classes": {
        "Negative": 36.42611683848797,
        "Neutral": 89.93939393939395,
        "Positive": 63.862332695984705
    }
}