{
    "macro": {
        "f1": 49.59558853244748,
        "precision": 54.45155176498461,
        "recall": 47.51700658530778
    },
    "micro": {
        "f1": 76.73680432028468,
        "precision": 75.8751129529804,
        "recall": 78.21851078636047
    },
    "per_classes": {
        "Negative": 16.666666666666664,
        "Neutral": 86.78111587982833,
        "Positive": 45.33898305084745
    }
}