{
    "macro": {
        "f1": 48.59635682151,
        "precision": 86.76096521837385,
        "recall": 45.44534256412838
    },
    "micro": {
        "f1": 75.66825985570662,
        "precision": 81.76888979955001,
        "recall": 80.08378425554199
    },
    "per_classes": {
        "Negative": 11.570247933884296,
        "Neutral": 88.04726236944825,
        "Positive": 46.17156016119746
    }
}