{
    "macro": {
        "f1": 36.95725291412173,
        "precision": 44.02939015429831,
        "recall": 37.28686171705922
    },
    "micro": {
        "f1": 72.83821956495878,
        "precision": 72.12463716095608,
        "recall": 78.56645789839945
    },
    "per_classes": {
        "Negative": 0.0,
        "Neutral": 87.72635814889337,
        "Positive": 23.14540059347181
    }
}