{
    "macro": {
        "f1": 46.334541062801925,
        "precision": 49.184053273915026,
        "recall": 45.80656925688062
    },
    "micro": {
        "f1": 76.06621836959043,
        "precision": 75.14185007498651,
        "recall": 77.31384829505915
    },
    "per_classes": {
        "Negative": 6.25,
        "Neutral": 86.08695652173913,
        "Positive": 46.666666666666664
    }
}