{
    "macro": {
        "f1": 43.5581830544707,
        "precision": 44.856738136629964,
        "recall": 43.18642853807375
    },
    "micro": {
        "f1": 73.54004481960158,
        "precision": 72.63641885869315,
        "recall": 74.59986082115519
    },
    "per_classes": {
        "Negative": 5.633802816901408,
        "Neutral": 84.2564326210205,
        "Positive": 40.78431372549019
    }
}