{
    "macro": {
        "f1": 86.59617411292943,
        "precision": 90.3199670706131,
        "recall": 83.69974329087252
    },
    "micro": {
        "f1": 92.35083649901878,
        "precision": 92.37193159797155,
        "recall": 92.44196194798394
    },
    "per_classes": {
        "Negative": 78.7128712871287,
        "Neutral": 94.97770476413989,
        "Positive": 86.09794628751975
    }
}