{
    "macro": {
        "f1": 43.06851147361242,
        "precision": 44.88231103224853,
        "recall": 44.87713071700115
    },
    "micro": {
        "f1": 70.36240009546158,
        "precision": 72.5426020174562,
        "recall": 68.96311760612387
    },
    "per_classes": {
        "Negative": 11.374407582938389,
        "Neutral": 80.81081081081082,
        "Positive": 37.02031602708804
    }
}