{
    "macro": {
        "f1": 73.16520721467198,
        "precision": 71.77732714371172,
        "recall": 82.41095145996678
    },
    "micro": {
        "f1": 86.28057989679898,
        "precision": 88.53264327423098,
        "recall": 85.32030022691569
    },
    "per_classes": {
        "Negative": 49.49238578680203,
        "Neutral": 90.22844157397441,
        "Positive": 79.7747942832395
    }
}