{
    "macro": {
        "f1": 37.675421055570865,
        "precision": 51.91242369711725,
        "recall": 37.4745631412037
    },
    "micro": {
        "f1": 72.16190619934373,
        "precision": 71.39956504953578,
        "recall": 77.31384829505915
    },
    "per_classes": {
        "Negative": 3.7037037037037033,
        "Neutral": 86.85064935064935,
        "Positive": 22.471910112359552
    }
}