{
    "macro": {
        "f1": 47.838658718219904,
        "precision": 49.343832020997375,
        "recall": 47.16922229306635
    },
    "micro": {
        "f1": 76.132682630277,
        "precision": 75.4882113158049,
        "recall": 76.89631176061239
    },
    "per_classes": {
        "Negative": 10.38961038961039,
        "Neutral": 85.83954405962298,
        "Positive": 47.28682170542635
    }
}