{
    "macro": {
        "f1": 48.4781563624973,
        "precision": 78.8289467345595,
        "recall": 45.424932441607076
    },
    "micro": {
        "f1": 75.10677309828357,
        "precision": 78.95393962235711,
        "recall": 79.2633967533601
    },
    "per_classes": {
        "Negative": 12.955465587044538,
        "Neutral": 87.60365724005953,
        "Positive": 44.875346260387815
    }
}