{
    "macro": {
        "f1": 44.42679297385666,
        "precision": 48.43822461338614,
        "recall": 43.30799546100439
    },
    "micro": {
        "f1": 75.12021612499586,
        "precision": 73.84023183642813,
        "recall": 77.17466945024356
    },
    "per_classes": {
        "Negative": 6.25,
        "Neutral": 86.24946785866325,
        "Positive": 40.780911062906725
    }
}