{
    "macro": {
        "f1": 79.4277268248547,
        "precision": 82.88067440385868,
        "recall": 80.25292889496635
    },
    "micro": {
        "f1": 87.96196791911696,
        "precision": 89.79888090228704,
        "recall": 88.61930528888114
    },
    "per_classes": {
        "Negative": 70.91932457786116,
        "Neutral": 92.99492385786802,
        "Positive": 74.36893203883496
    }
}