{
    "macro": {
        "f1": 90.79457937473242,
        "precision": 94.47105788423154,
        "recall": 87.71648596669115
    },
    "micro": {
        "f1": 94.38481090548984,
        "precision": 94.46218714512618,
        "recall": 94.48420317681969
    },
    "per_classes": {
        "Negative": 86.810551558753,
        "Neutral": 96.35750029093448,
        "Positive": 89.2156862745098
    }
}