{
    "macro": {
        "f1": 43.2484329753303,
        "precision": 51.599606250769035,
        "recall": 42.47800946825535
    },
    "micro": {
        "f1": 74.28440947860977,
        "precision": 75.65048385070719,
        "recall": 77.52261656228254
    },
    "per_classes": {
        "Negative": 12.280701754385964,
        "Neutral": 87.40679370339684,
        "Positive": 30.057803468208093
    }
}