{
    "macro": {
        "f1": 46.67900831739644,
        "precision": 53.34674467166581,
        "recall": 44.347633016061735
    },
    "micro": {
        "f1": 75.75491571206618,
        "precision": 74.97773791972405,
        "recall": 78.42727905358386
    },
    "per_classes": {
        "Negative": 13.88888888888889,
        "Neutral": 87.123745819398,
        "Positive": 39.02439024390244
    }
}