{
    "macro": {
        "f1": 71.84551290093354,
        "precision": 84.80294237994272,
        "recall": 65.35733057258933
    },
    "micro": {
        "f1": 84.22189029066224,
        "precision": 85.43986417627217,
        "recall": 85.4773957060569
    },
    "per_classes": {
        "Negative": 57.636887608069166,
        "Neutral": 90.85257548845472,
        "Positive": 67.04707560627674
    }
}