{
    "macro": {
        "f1": 48.64573254801034,
        "precision": 51.06345198011864,
        "recall": 47.40171620340112
    },
    "micro": {
        "f1": 77.16091655935551,
        "precision": 76.27629193147635,
        "recall": 78.35768963117606
    },
    "per_classes": {
        "Negative": 10.526315789473683,
        "Neutral": 86.85121107266436,
        "Positive": 48.559670781893004
    }
}